Fecha,Remesas Familiares Total Millones USD,Remesas Familiares  Money Orders  Millones USD,Remesas Familiares Cheques Personales Millones USD ,Remesas Familiares Transferencias Electronicas Millones USD ,Remesas Familiares Efectivo y Especie Millones USD,Remesas Familiares Total Miles de Operaciones ,Remesas Familiares Money Orders Miles de Operaciones ,Remesas Familiares Cheques Personales Miles de Operaciones,Remesas Familiares Transferencias Electronicas Miles de Operaciones,Remesas Familiares Efectivo y Especie Miles de Operaciones
01/01/96,313.509077,117.252004,2.626131,149.234276,44.396666,960.939,333.176,5.256,556.645,65.863
01/02/96,281.925741,100.605259,1.100914,151.01687,29.202699,903.741,286.6,2.593,566.266,48.282
01/03/96,337.318483,116.176042,5.285765,183.899719,31.956957,1057.313,341.396,10.069,650.016,55.831
01/04/96,393.387694,152.621005,9.536809,205.574621,25.655259,1204.258,452.61,12.84,693.978,44.83
01/05/96,413.542028,145.498535,8.045037,222.548697,37.449759,1336.139,464.596,13.392,799.698,58.452
01/06/96,365.24505,130.782615,9.869622,197.767794,26.825018,1126.757,359.662,12.743,703.132,51.22
01/07/96,373.670502,138.264125,7.552494,197.910818,29.943065,1150.911,358.363,10.84,712.061,69.647
01/08/96,386.066642,151.936451,10.626534,193.105007,30.398651,1244.601,440.256,15.073,716.266,73.006
01/09/96,339.253267,115.231516,4.240931,189.2801,30.50072,1046.666,291.698,6.627,706.107,42.233
01/10/96,348.90103,128.271255,5.576473,192.429516,22.623786,1120.643,346.77,7.494,734.672,31.707
01/11/96,315.601561,99.946906,4.251908,167.560347,43.842401,952.588,254.922,6.079,635.683,55.904
01/12/96,355.26086,123.113192,6.080004,171.517234,54.55043,1103.501,296.813,7.173,687.997,111.518
01/01/97,338.647741,117.606962,4.389767,167.600613,49.050398,1105.493,383.508,5.95,615.76,100.275
01/02/97,331.591805,110.297123,2.071815,185.940777,33.28209,1044.467,314.473,2.178,672.06,55.757
01/03/97,381.907219,123.401943,5.865465,218.830537,33.809273,1214.671,361.4,7.273,789.112,56.886
01/04/97,425.538643,155.384238,5.58377,235.390572,29.180063,1325.21,456.478,7.528,817.305,43.899
01/05/97,486.68935,168.19745,10.912742,268.354797,39.22436,1492.847,443.462,16.71,971.627,61.048
01/06/97,453.559644,174.716511,10.374563,242.022398,26.446172,1444.537,518.072,12.414,858.765,55.287
01/07/97,441.686303,173.213946,6.655337,232.296836,29.520183,1393.293,472.231,9.244,836.641,75.177
01/08/97,428.902176,156.414316,6.598084,235.92044,29.969335,1353.757,419.062,3.713,852.18,78.803
01/09/97,431.467845,158.446497,6.541324,236.410062,30.069962,1353.578,437.852,3.681,866.459,45.586
01/10/97,421.668119,159.833769,6.485052,233.045024,22.304273,1329.152,419.679,3.649,871.599,34.224
01/11/97,343.430719,108.223852,6.429264,185.554381,43.223221,1087.168,309.897,3.618,713.311,60.343
01/12/97,379.754967,123.078053,6.373957,196.522935,53.780022,1224.414,329.053,3.587,771.402,120.372
01/01/98,382.531655,111.890366,4.76249,215.776401,50.102398,1274.618,340.843,6.787,856.914,70.073
01/02/98,366.398162,103.010273,3.575559,222.99824,36.81409,1244.226,311.423,5.197,876.118,51.488
01/03/98,427.194949,122.994617,3.669982,263.863077,36.667273,1466.773,365.541,5.235,1044.714,51.283
01/04/98,439.995009,161.15729,5.19112,240.235536,33.411063,1450.673,452.389,6.759,944.797,46.729
01/05/98,520.373921,170.05456,6.667837,297.572164,46.07936,1827.469,534.644,8.681,1219.697,64.447
01/06/98,503.487579,193.090074,5.253015,272.698068,32.446422,1737.814,609.122,6.839,1076.473,45.38
01/07/98,494.32558,179.752185,5.521069,279.532143,29.520183,1681.947,527.419,7.188,1106.052,41.287
01/08/98,486.607041,169.784927,5.298612,281.554167,29.969335,1704.272,514,6.899,1141.459,41.915
01/09/98,476.290549,161.864529,5.389,278.967058,30.069962,1677.719,491.459,7.016,1137.187,42.056
01/10/98,454.673858,153.368649,5.177,273.823936,22.304273,1619.82,465.663,6.74,1116.222,31.195
01/11/98,460.692434,148.294239,5.409,263.765974,43.223221,1592.972,450.256,7.042,1075.221,60.452
01/12/98,614.271022,195.451,5.58,359.46,53.780022,2141.228,593.435,7.265,1465.311,75.217
01/01/99,399.64228,95.572423,2.945179,249.621761,51.502918,1356.784,247.859,4.237,1032.656,72.032
01/02/99,388.851113,88.33603,1.942848,263.626041,34.946194,1390.124,242.786,2.027,1096.436,48.876
01/03/99,464.897722,112.896274,2.864499,313.637212,35.499737,1638.306,282.796,3.679,1302.181,49.65
01/04/99,469.18283,110.693369,2.962964,324.88743,30.639067,1650.796,278.653,4.477,1324.814,42.852
01/05/99,571.562015,140.890393,3.415015,386.071029,41.185578,2082.81,378.663,4.698,1641.847,57.602
01/06/99,521.922516,141.454535,5.899727,346.799774,27.768481,1829.727,363.195,5.695,1421.999,38.837
01/07/99,506.664155,132.197205,6.067646,337.879976,30.519328,1781.513,337.43,6.2,1394.532,43.351
01/08/99,532.099702,145.055124,5.702528,350.358368,30.983682,1852.997,350.645,6.2,1452.141,44.011
01/09/99,490.482884,131.404637,5.460192,322.53034,31.087715,1748.812,331.671,6.2,1366.782,44.159
01/10/99,474.506915,114.455223,4.625726,332.366779,23.059187,1779.574,292.573,5.23,1449.016,32.755
01/11/99,502.007269,112.526927,4.485685,340.308497,44.686161,1821.208,276.145,4.926,1476.663,63.475
01/12/99,587.73526,122.868773,4.835439,366.947321,93.083726,2004.655,297.216,5.297,1619.404,82.738
01/01/00,456.245551,108.325826,0.606872,294.779877,52.532976,1236.025,273.196,1.436,890.114,71.279
01/02/00,447.187007,104.2078,0.46484,306.519788,35.99458,1235.996,259.316,0.626,929.966,46.088
01/03/00,494.450171,117.077423,1.038787,339.769232,36.564729,1384.829,310.785,1.339,1020.767,51.939
01/04/00,498.830808,116.794682,0.774537,349.39696,31.864629,1391.477,308.072,1.424,1037.414,44.566
01/05/00,590.749627,152.15218,0.774537,395.401765,42.421145,1679.443,407.526,1.424,1212.061,58.431
01/06/00,541.577453,136.340511,0.774537,375.583185,28.87922,1482.547,348.403,1.424,1095.215,37.505
01/07/00,557.598042,110.217817,0.707992,414.813901,31.858332,1542.513,277.07,1.316,1230.746,33.382
01/08/00,608.061236,138.282277,0.707992,436.906954,32.164012,1655.58,329.894,1.316,1278.683,45.688
01/09/00,568.549318,124.63179,0.707992,410.937526,32.272009,1605.247,310.92,1.316,1247.17,45.841
01/10/00,559.523514,106.631436,0.677486,428.471865,23.742727,1665.179,263.036,1.232,1340.091,60.82
01/11/00,583.121774,104.70314,0.677486,431.352657,46.388491,1492.198,246.608,1.232,1178.465,65.893
01/12/00,666.84848,115.044986,0.677486,458.042282,93.083726,1628.001,267.679,1.232,1276.352,82.738
01/01/01,654.981952,71.500557,1.705693,554.275702,27.5,2061.018,159.557,2.044,1857.109,42.308
01/02/01,637.673747,55.078681,0.956966,557.4381,24.2,2073.544,138.441,0.897,1896.975,37.231
01/03/01,718.055039,72.762217,0.637679,620.455143,24.2,2247.515,177.925,0.424,2031.935,37.231
01/04/01,734.80582,90.61613,0.114637,633.246762,10.828291,2323.767,217.719,0.199,2081.483,24.366
01/05/01,798.243762,80.641613,1.20518,700.053402,16.343568,2569.346,184.129,0.872,2349.467,34.877
01/06/01,747.836995,67.357677,1.20518,668.274138,11,2347.169,153.852,0.872,2167.753,24.691
01/07/01,796.595116,77.811564,0.7,702.879352,15.2042,2423.874,185.708,0.853,2203.898,33.416
01/08/01,789.30748,60,0.7,708.82508,19.7824,2414.377,143.198,0.853,2226.849,43.478
01/09/01,772.080254,52.521417,0.7,707.858837,11,2324.147,125.349,0.853,2173.769,24.176
01/10/01,792.8295,60.800401,0.7,708.484891,22.844208,2440.301,145.108,0.75,2244.236,50.207
01/11/01,693.822369,49.016281,0.75035,619.296315,24.759423,2158.431,116.984,0.78,1986.25,54.416
01/12/01,759.031785,65.181525,0.802505,602.445103,90.602652,2360.785,155.564,0.84,2026.729,177.652
01/01/02,711.043,65.389,1.782,615.327,28.545,2225.202,151.323,2.115,2030.334,41.43
01/02/02,718.865,55.804,1,637.014,25.047,2262.829,133.636,0.929,2088.82,39.444
01/03/02,744.527,62.045,0.672,650.185,31.625,2301.491,144.616,0.445,2106.627,49.803
01/04/02,805.872,66.374,0.739,720.946,17.813,2496.517,165.413,0.775,2302.278,28.051
01/05/02,912.205,69.606,0.126,820.528,21.945,2765.656,191.661,0.141,2542.726,31.128
01/06/02,860.003,57.657,1.145,784.742,16.459,2514.831,155.603,0.916,2332.991,25.321
01/07/02,843.073806,56.333071,0.665,769.520735,16.555,2491.273,154.526,0.699,2310.579,25.469
01/08/02,849.137621,52.695563,0.70184,777.975218,17.765,2565.904,149.703,0.851,2389.416,25.934
01/09/02,860.599673,51.996145,0.661,794.357528,13.585,2505.334,141.907,0.718,2343.841,18.868
01/10/02,848.283,50.939,0.6,779.584,17.16,2615.013,121.573,0.652,2467.553,25.235
01/11/02,741.438,45.586,0.85,675.202,19.8,2305.502,108.797,0.977,2168.418,27.31
01/12/02,919.401,52.084,1.12,772.697,93.5,2904.299,161.25,1.244,2620.376,121.429
01/01/03,1051.254675,116.544057,1.2,914.511618,18.999,3443.376,334.457,1.3,3079.619,28
01/02/03,979.759677,102.462984,1.3,855.371694,20.625,3168.45,288.764,1.4,2847.73,30.556
01/03/03,1139.112385,130.942883,1.7,990.574502,15.895,3717.109,364.945,1.8,3330.098,20.266
01/04/03,1202.509728,136.051099,1.821676,1048.636953,16,3801.331,379.149,1.863,3399.319,21
01/05/03,1350.966936,170.89141,0.4,1159.675526,20,4470.832,483.425,0.5,3960.907,26
01/06/03,1351.170664,160.011028,0,1181.659636,9.5,4205.958,426.603,0,3767.355,12
01/07/03,1361.362021,160.584538,0,1180.405483,20.372,4156.795,422.406,0,3707.043,27.346
01/08/03,1401.246167,154.900058,0,1228.346109,18,4277.543,391.963,0,3861.88,23.7
01/09/03,1365.508502,147.296021,0,1201.212482,17,4259.673,368.91,0,3867.763,23
01/10/03,1391.011195,139.183144,0,1239.12805,12.7,4365.716,382.188,0,3966.011,17.517
01/11/03,1203.708358,114.489098,0,1078.21926,11,3828.254,301.245,0,3512.009,15
01/12/03,1341.076102,131.921339,0,1134.654763,74.5,4290.899,353.994,0,3833,103.905
01/01/04,1081.863522,128.465803,0,938.373351,15.024368,3559.883,335.18,0,3207.314,17.389
01/02/04,1171.773708,127.216785,0,1026.527682,18.029242,3763.968,322.201,0,3418.352,23.415
01/03/04,1480.223988,164.258356,0,1303.43715,12.528481,4606.875,393.342,0,4196.939,16.594
01/04/04,1513.515078,163.331555,0,1337.440903,12.742621,4583.33,399.248,0,4167.359,16.723
01/05/04,1770.397767,177.152673,0,1575.835098,17.409997,5588.379,468.005,0,5098.747,21.627
01/06/04,1684.724831,171.285474,0,1500.696736,12.742621,5181.209,456.302,0,4708.184,16.723
01/07/04,1654.376047,161.764766,0,1476.538491,16.072789,4982.541,386.512,0,4575.554,20.475
01/08/04,1786.807803,163.12479,0,1612.229242,11.453772,5451.303,394.705,0,5038.079,18.519
01/09/04,1586.840735,152.233686,0,1424.130572,10.476477,4806.946,355.863,0,4437.905,13.178
01/10/04,1529.947736,152.429114,0,1361.553222,15.9654,4744.869,362.774,0,4357.978,24.117
01/11/04,1506.16444,143.416052,0,1346.782988,15.9654,4666.32,329.706,0,4312.497,24.117
01/12/04,1565.112302,164.987207,0,1324.925095,75.2,5077.775,398.989,0,4569.005,109.781
01/01/05,1367.556299,142.818126,0,1209.713805,15.024368,4292.145,331.019,0,3943.737,17.389
01/02/05,1428.377043,125.915436,0,1280.463935,21.997672,4426.62,298.159,0,4100.186,28.275
01/03/05,1691.589579,152.366733,0,1526.06375,13.159095,5128.202,358.276,0,4752.657,17.269
01/04/05,1753.303151,141.439519,0,1589.689668,22.173964,5229.634,326.746,0,4874.855,28.033
01/05/05,2057.277269,158.355381,0,1883.469608,15.452281,6365.631,407.27,0,5939.378,18.983
01/06/05,1923.280162,155.838719,0,1755.441443,12,5702.299,361.742,0,5325.172,15.385
01/07/05,1840.300618,144.932356,0,1675.368262,20,5362.154,322.878,0,5013.96,25.316
01/08/05,2059.222908,160.152299,0,1878.606442,20.464167,5937.003,363.425,0,5548.695,24.883
01/09/05,1885.990476,138.263576,0,1732.853819,14.873081,5580.003,365.427,0,5195.938,18.638
01/10/05,1862.277598,135.233967,0,1710.865242,16.178389,5512.977,299.57,0,5192.377,21.03
01/11/05,1886.953783,130.09105,0,1736.023084,20.83965,5542.204,281.783,0,5232.598,27.823
01/12/05,1932.142032,162.460997,0,1688.681035,81,5842.828,350.612,0,5389.814,102.402
01/01/06,1758.30571,130.1507,0,1611.055695,17.099316,5293.97,283.773,0,4990.76,19.437
01/02/06,1823.189752,108.751197,0,1699.270714,15.167841,5364.648,233.657,0,5111.021,19.97
01/03/06,2152.836208,130.604163,0,2005.392068,16.839977,6155.674,294.967,0,5838.914,21.793
01/04/06,2072.701748,100.962228,0,1952.670414,19.069106,5935.558,219.184,0,5690.284,26.09
01/05/06,2534.599002,127.912661,0,2365.519851,41.16649,7286.61,286.683,0,6933.115,66.812
01/06/06,2340.262303,120.898256,0,2186.349714,33.014333,6629.665,267.052,0,6293.496,69.117
01/07/06,2191.64694,106.007662,0,2045.414615,40.224664,6312.867,229.157,0,6006.21,77.5
01/08/06,2334.283455,112.336997,0,2191.594032,30.352426,6624.716,231.222,0,6338.836,54.658
01/09/06,2140.958552,98.633657,0,2017.644489,24.680406,6186.951,205.443,0,5931.709,49.799
01/10/06,2316.524423,120.212415,0,2167.156045,29.155963,6757.439,219.129,0,6482.572,55.738
01/11/06,1962.802019,98.956636,0,1835.585263,28.26012,5726.063,185.389,0,5479.22,61.454
01/12/06,1938.724942,104.280201,0,1776.306759,58.137982,5910.447,188.962,0,5601.55,119.935
01/01/07,1872.929196,102.790343,0,1733.321658,36.817195,5573.122,187.776,0,5322.474,62.872
01/02/07,1856.778176,81.265884,0,1751.301308,24.210985,5450.352,143.061,0,5260.671,46.62
01/03/07,2186.5239,82.413648,0,2073.629556,30.480696,6244.976,146.885,0,6037.531,60.56
01/04/07,2166.563953,75.358557,0,2059.129613,32.075783,6232.251,129.497,0,6043.772,58.982
01/05/07,2411.769412,85.017908,0,2298.869133,27.882371,7160.981,175.544,0,6919.703,65.734
01/06/07,2300.575453,75.527868,0,2193.199828,31.847757,6597.32,134.906,0,6393.267,69.147
01/07/07,2369.489247,73.940691,0,2256.479958,39.068597,6695.049,133.489,0,6481.068,80.492
01/08/07,2412.125122,63.202708,0,2318.181389,30.741025,6690.326,120.453,0,6508.806,61.067
01/09/07,2186.133357,46.338738,0,2113.404411,26.390207,6214.262,86.085,0,6073.606,54.571
01/10/07,2367.642794,55.225601,0,2279.881078,32.536115,6943.98,107.623,0,6777.884,58.473
01/11/07,1958.521732,50.988799,0,1877.243673,30.289259,5745.12,90.051,0,5600.096,54.973
01/12/07,1969.765675,67.599662,0,1848.016706,54.149307,6103.73,130.499,0,5859.781,113.45
01/01/08,1781.699614,72.426067,0,1665.557808,43.715739,5286.971,155.201,0,5068.134,63.636
01/02/08,1859.71158,47.197564,0,1787.777697,24.736318,5454.377,100.992,0,5305.793,47.592
01/03/08,2116.346451,45.842731,0,2039.521119,30.982601,6116.257,99.194,0,5953.73,63.333
01/04/08,2184.685439,47.275708,0,2108.497641,28.91209,6166.315,98.467,0,6017.068,50.78
01/05/08,2371.624523,52.05874,0,2286.412017,33.153766,7089.665,164.108,0,6866.376,59.181
01/06/08,2264.58683,51.300205,0,2173.704651,39.581974,6468.56,107.114,0,6287.55,73.896
01/07/08,2183.156936,55.419751,0,2081.39932,46.337865,6173.857,115.366,0,5978.051,80.44
01/08/08,2097.565032,48.48357,0,2014.118242,34.96322,6107.146,111.654,0,5929.603,65.889
01/09/08,2113.802192,44.761388,0,2039.675866,29.364938,6146.648,108.757,0,5983.972,53.919
01/10/08,2637.712852,49.387445,0,2558.755782,29.569625,6677.665,99.239,0,6520.914,57.512
01/11/08,1752.184051,35.135981,0,1685.600873,31.447198,5259.635,81.976,0,5113.589,64.07
01/12/08,1781.909712,49.354484,0,1672.671073,59.884155,5680.581,111.27,0,5453.235,116.076
01/01/09,1572.975121,38.574684,0,1490.014578,44.385859,4801.134,90.799,0,4651.625,58.71
01/02/09,1810.791334,32.650552,0,1754.5067,23.634082,5196.541,68.678,0,5081.002,46.861
01/03/09,2115.106177,36.200608,0,2052.575707,26.329863,6046.23,77.13,0,5907.234,61.866
01/04/09,1794.798434,34.834581,0,1725.449952,34.513902,5537.179,75.002,0,5383.06,79.117
01/05/09,1905.498275,33.556104,0,1855.720748,16.221423,6288.861,82.192,0,6167.825,38.844
01/06/09,1934.021193,36.053818,0,1864.633319,33.334056,6021.433,86.266,0,5860.972,74.195
01/07/09,1850.227361,32.51755,0,1776.524685,41.185126,5726.832,68.214,0,5549.557,109.061
01/08/09,1799.403835,28.127573,0,1736.753032,34.52323,5784.969,64.885,0,5625.63,94.454
01/09/09,1747.212738,25.203985,0,1706.041369,15.967385,5569.523,56.249,0,5469.455,43.819
01/10/09,1695.957495,23.96979,0,1650.050581,21.937124,5661.149,55.589,0,5548.878,56.682
01/11/09,1510.820188,25.608272,0,1454.000589,31.211327,5071.648,57.399,0,4930.483,83.766
01/12/09,1569.520645,38.924837,0,1481.212901,49.382906,5404.102,84.024,0,5205.653,114.425
01/01/10,1323.824133,33.163523,0,1263.537935,27.122674,4484.875,74.105,0,4350.201,60.569
01/02/10,1553.458492,27.688858,0,1505.963232,19.806402,4895.052,59.582,0,4788.497,46.973
01/03/10,1954.846232,36.057351,0,1901.431793,17.357089,6023.277,74.357,0,5900.042,48.878
01/04/10,1794.770405,33.395069,0,1740.868698,20.506638,5525.529,67.643,0,5396.107,61.779
01/05/10,2146.206364,35.892547,0,2090.463065,19.850751,6753.229,76.571,0,6619.962,56.696
01/06/10,1894.886859,34.516767,0,1834.677209,25.692884,5896.049,71.142,0,5751.819,73.088
01/07/10,1874.440192,36.434796,0,1803.506726,34.49867,5727.397,74.133,0,5577.66,75.604
01/08/10,1957.735654,32.615715,0,1892.934932,32.185008,6013.192,68.035,0,5879.271,65.886
01/09/10,1718.960267,25.502367,0,1675.719423,17.738477,5507.289,55.135,0,5409.423,42.731
01/10/10,1731.032162,26.033113,0,1684.279753,20.719296,5720.232,55.88,0,5616.487,47.865
01/11/10,1631.89407,28.707448,0,1575.420719,27.765903,5309.357,59.266,0,5187.893,62.198
01/12/10,1721.826971,39.735419,0,1614.474269,67.617283,5680.079,80.274,0,5452.623,147.182
01/01/11,1403.169352,27.90059,0,1349.003102,26.26566,4715.299,59.966,0,4597.702,57.631
01/02/11,1651.056635,12.669034,0,1619.123165,19.264436,5030.406,26.433,0,4958.274,45.699
01/03/11,2055.912542,16.830669,0,2014.016654,25.065218,5981.619,33.274,0,5897.406,50.939
01/04/11,1880.894771,13.283448,0,1836.976588,30.634734,5673.693,25.619,0,5574.764,73.31
01/05/11,2168.507777,13.962763,0,2129.687343,24.857671,6831.09,30.737,0,6738.634,61.719
01/06/11,2022.311216,18.114444,0,1978.886609,25.310162,6024.742,36.831,0,5920.603,67.308
01/07/11,1906.707777,16.704997,0,1850.050497,39.952283,5834.254,34.56,0,5704.128,95.566
01/08/11,2143.895567,17.516168,0,2098.145007,28.234392,6303.981,34.492,0,6195.683,73.806
01/09/11,2085.97025,17.614979,0,2044.007,24.348271,5986.868,35.64,0,5903.402,47.826
01/10/11,1912.640112,15.30078,0,1873.45994,23.879392,6009.363,32.632,0,5925.057,51.674
01/11/11,1785.873914,16.292032,0,1734.39746,35.184421,5487.889,34.227,0,5365.455,88.207
01/12/11,1786.031621,20.617334,0,1701.123039,64.291248,5981.714,42.862,0,5772.029,166.823
01/01/12,1506.326423,15.794005,0,1458.037576,32.494842,5106.017,33.675,0,5008.904,63.438
01/02/12,1788.234586,15.287428,0,1754.410531,18.536626,5582.239,32.185,0,5505.042,45.012
01/03/12,2091.665518,17.566104,0,2041.526459,32.572956,6232.463,34.507,0,6110.585,87.371
01/04/12,2031.503348,16.770366,0,1985.113307,29.619675,6101.571,31.795,0,6002.905,66.871
01/05/12,2342.505333,20.265076,0,2291.650506,30.589751,7102.442,40.729,0,6999.043,62.67
01/06/12,2096.139528,16.226375,0,2045.28217,34.630982,6301.732,32.242,0,6191.07,78.42
01/07/12,1862.701355,17.288126,0,1803.824903,41.588326,5923.754,35.086,0,5798.35,90.318
01/08/12,1889.655758,15.876664,0,1845.136525,28.642569,6218.545,32.899,0,6115.514,70.132
01/09/12,1661.584236,11.749811,0,1628.216814,21.617611,5619.907,25.368,0,5543.551,50.988
01/10/12,1771.310804,15.251278,0,1734.128064,21.931462,5927.34,31.781,0,5846.715,48.844
01/11/12,1692.252889,13.946894,0,1648.097709,30.208285,5637.588,27.22,0,5539.617,70.751
01/12/12,1704.44232,18.808227,0,1622.164889,63.469204,5857.74,35.829,0,5689.249,132.662
01/01/13,1530.949296,16.264442,0,1489.071164,25.61369,5367.852,32.046,0,5276.016,59.79
01/02/13,1653.79332,16.150788,0,1618.507539,19.134993,5680.838,31.001,0,5602.22,47.617
01/03/13,1855.585634,14.215954,0,1818.904157,22.465523,6213.253,28.2,0,6115.027,70.026
01/04/13,1990.628864,15.549766,0,1953.447693,21.631405,6666.871,30.447,0,6583.19,53.234
01/05/13,2105.17068,16.372571,0,2058.47717,30.320939,7393.323,32.314,0,7290.715,70.294
01/06/13,2001.229649,12.9922,0,1957.939358,30.298091,6647.792,24.417,0,6542.034,81.341
01/07/13,1890.277247,13.442032,0,1843.33199,33.503226,6471.932,25.414,0,6364.037,82.481
01/08/13,1953.630391,14.416725,0,1910.981256,28.23241,6620.79,27.248,0,6532.121,61.421
01/09/13,1828.327435,12.499759,0,1794.21752,21.610156,6421.727,24.17,0,6352.556,45.001
01/10/13,1911.99832,15.504052,0,1870.490305,26.003963,6709.208,31.305,0,6622.928,54.975
01/11/13,1731.663739,28.791467,0,1678.54516,24.327111,6008.947,55.82,0,5885.151,67.976
01/12/13,1849.496564,42.08216,0,1755.540873,51.873531,6549.819,79.446,0,6331.784,138.589
01/01/14,1642.22321,42.31884,0,1564.877708,35.026662,5648.905,81.813,0,5491.931,75.161
01/02/14,1719.244522,25.329868,0,1667.765089,26.149564,5844.11,49.168,0,5726.394,68.548
01/03/14,2098.259235,22.033381,0,2045.641418,30.584437,6945.61,41.694,0,6827.764,76.152
01/04/14,1976.367289,25.002808,0,1922.657622,28.70686,6617.234,48.355,0,6496.652,72.227
01/05/14,2146.954291,24.77312,0,2089.808951,32.372219,7570.987,51.161,0,7440.634,79.192
01/06/14,2043.455258,23.212404,0,1979.333246,40.909608,6853.621,46.015,0,6700.659,106.947
01/07/14,1998.184815,16.613428,0,1936.156787,45.4146,6795.64,33.096,0,6641.426,121.118
01/08/14,2004.330954,15.916186,0,1954.292187,34.12258,6841.83,33.662,0,6714.896,93.272
01/09/14,1965.067439,16.783434,0,1914.460949,33.823056,6757.235,34.64,0,6652.432,70.163
01/10/14,2042.137727,17.472097,0,1986.717482,37.948148,7041.968,34.197,0,6923.274,84.497
01/11/14,1776.046431,16.130806,0,1725.9665,33.949125,6209.486,31.335,0,6091.336,86.815
01/12/14,2235.012719,21.884664,0,2126.52152,86.606536,7402.197,40.252,0,7163.019,198.926
01/01/15,1626.8265,20.423835,0,1566.075031,40.327634,5827.562,39.868,0,5707.707,79.987
01/02/15,1842.517433,14.323656,0,1792.220997,35.97278,6169.488,27.479,0,6061.076,80.933
01/03/15,2254.273214,14.575992,0,2203.844828,35.852393,7253.384,27.676,0,7131.053,94.655
01/04/15,2006.188243,13.44693,0,1951.827795,40.913518,6742.382,25.547,0,6632.952,83.883
01/05/15,2191.058658,11.9423,0,2138.377199,40.739159,7808.894,24.031,0,7690.229,94.634
01/06/15,2156.008725,12.498269,0,2104.135954,39.374502,7246.05,23.881,0,7105.914,116.255
01/07/15,2234.88509,13.413513,0,2178.754444,42.717133,7357.78,24.478,0,7203.962,129.34
01/08/15,2253.148655,10.921159,0,2216.093235,26.134261,7555.85,19.998,0,7450.645,85.207
01/09/15,2055.132447,10.216414,0,2017.476134,27.439899,7124.385,18.753,0,7017.212,88.42
01/10/15,2068.816069,9.985669,0,2032.624653,26.205747,7358.546,18.69,0,7254.154,85.702
01/11/15,1895.181335,11.14481,0,1846.51858,37.517945,6711.039,20.424,0,6578.379,112.236
01/12/15,2200.736257,19.282586,0,2097.57693,83.876741,7563.398,32.614,0,7312.835,217.949
01/01/16,1932.497887,15.7037,0,1876.1925,40.601687,6464.386,26.604,0,6355.44,82.342
01/02/16,2082.215062,13.065542,0,2046.627928,22.521591,7167.188,23.386,0,7080.879,62.923
01/03/16,2191.136313,14.264072,0,2145.24241,31.629831,7522.417,25.149,0,7416.081,81.187
01/04/16,2171.301484,12.950469,0,2127.482391,30.868624,7389.983,22.357,0,7290.935,76.691
01/05/16,2478.210121,14.953837,0,2428.0366,35.219685,8642.081,25.843,0,8524.365,91.873
01/06/16,2312.313619,13.114526,0,2257.583805,41.615289,7684.92,22.408,0,7550.821,111.691
01/07/16,2248.624826,13.218688,0,2181.893425,53.512713,7648.979,22.763,0,7484.333,141.883
01/08/16,2269.288754,12.694455,0,2231.134963,25.459336,7784.812,22.999,0,7688.218,73.596
01/09/16,2374.070661,11.897697,0,2339.449089,22.723875,7797.744,20.871,0,7705.653,71.22
01/10/16,2220.197129,10.324414,0,2179.832493,30.040222,7930.165,20.333,0,7818.878,90.953
01/11/16,2370.965525,12.151497,0,2318.521037,40.292991,7439.147,20.864,0,7300.393,117.89
01/12/16,2342.460187,14.895708,0,2246.390864,81.173616,8084.999,25.342,0,7844.777,214.88
01/01/17,2147.896166,18.919479,0,2081.643995,47.332692,7242.878,26.859,0,7109.407,106.612
01/02/17,2141.928638,13.85786,0,2096.930483,31.140295,7060.159,20.679,0,6953.561,85.919
01/03/17,2618.435559,12.512569,0,2567.921532,38.001458,8276.619,19.042,0,8159.471,98.106
01/04/17,2404.448454,10.590342,0,2354.098244,39.759868,7816.338,17.685,0,7705.506,93.147
01/05/17,2694.825249,16.254157,0,2640.246802,38.32429,8993.044,19.866,0,8870.366,102.812
01/06/17,2552.346652,18.927752,0,2484.495808,48.923092,8165.821,27.431,0,8003.753,134.637
01/07/17,2599.978538,19.380767,0,2522.057051,58.54072,8352.328,27.807,0,8192.199,132.322
01/08/17,2617.60728,17.434266,0,2559.26127,40.911744,8391.04,25.891,0,8266.511,98.638
01/09/17,2489.213979,13.878928,0,2442.836446,32.498605,8143.449,20.56,0,8041.367,81.522
01/10/17,2842.502785,14.41607,0,2790.352934,37.733781,8988.923,22.49,0,8868.627,97.806
01/11/17,2420.810372,12.754482,0,2360.388102,47.667788,7808.198,19.722,0,7658.217,130.259
01/12/17,2760.551301,17.047056,0,2657.592008,85.912237,8846.303,24.442,0,8603.882,217.979
01/01/18,2267.622995,20.515672,0,2184.182228,62.925095,7384.898,29.385,0,7222.971,132.542
01/02/18,2244.442873,12.54183,0,2191.797838,40.103205,7408.342,19.67,0,7294.616,94.056
01/03/18,2674.857549,12.181337,0,2618.697908,43.978304,8562.802,16.833,0,8441.692,104.277
01/04/18,2760.94552,11.728148,0,2714.910058,34.307314,8640.262,17.949,0,8535.27,87.043
01/05/18,3155.952028,13.876765,0,3103.399165,38.676098,9767.023,19.077,0,9641.563,106.383
01/06/18,3140.66526,15.653902,0,3072.61939,52.391968,9144.862,16.357,0,9000.989,127.516
01/07/18,2858.003666,16.929822,0,2790.133492,50.940352,8816.646,18.22,0,8671.854,126.572
01/08/18,2883.364045,12.329686,0,2806.050017,64.984342,8872.138,17.912,0,8695.117,159.109
01/09/18,2718.097532,10.676017,0,2666.845346,40.576169,8570.423,14.046,0,8451.158,105.219
01/10/18,3017.333854,12.985535,0,2963.520605,40.827714,9326.546,17.64,0,9205.266,103.64
01/11/18,2964.771053,14.984149,0,2920.184408,29.602496,8674.997,16.913,0,8548.09,109.994
01/12/18,2991.17079,19.100377,0,2875.656195,96.414218,9389.934,23.118,0,9162.774,204.042
01/01/19,2484.792264,16.687505,0,2424.490195,43.614564,7971.894,23.798,0,7841.897,106.199
01/02/19,2467.041587,12.456318,0,2425.006579,29.57869,7936.021,17.327,0,7842.032,76.662
01/03/19,2992.924271,12.963616,0,2949.833936,30.126719,9354.627,17.772,0,9244.769,92.086
01/04/19,2970.229076,13.320948,0,2920.538426,36.369702,9232.755,17.075,0,9135.288,80.392
01/05/19,3317.65091,15.910799,0,3270.300628,31.439483,10307.279,18.422,0,10204.268,84.589
01/06/19,3218.349121,12.730194,0,3176.711585,28.907342,9617.415,15.985,0,9508.321,93.109
01/07/19,3293.696376,14.489843,0,3246.744873,32.46166,9719.916,19.516,0,9601.881,98.519
01/08/19,3393.731307,13.462923,0,3358.239619,22.028765,9883.886,17.14,0,9810.232,56.514
01/09/19,3101.241139,12.023646,0,3069.408336,19.809157,9461.841,14.257,0,9388.938,58.646
01/10/19,3155.014769,11.328238,0,3122.861934,20.824597,9806.482,15.335,0,9734.614,56.533
01/11/19,2924.914931,11.880798,0,2891.477571,21.556562,8905.162,15.341,0,8823.4,66.421
01/12/19,3119.172287,16.320363,0,3045.662606,57.189318,9544.395,21.313,0,9384.086,138.996
01/01/20,2620.822448,16.64525,0,2564.941167,39.236031,8134.741,22.202,0,8037.961,74.578
01/02/20,2731.938517,11.873067,0,2694.825945,25.239505,8507.985,16.213,0,8425.95,65.822
01/03/20,4044.809494,15.844679,0,4015.49993,13.464885,10730.319,17.444,0,10663.572,49.303
01/04/20,2909.507637,10.108472,0,2876.842293,22.556872,8812.392,10.72,0,8743.416,58.256
01/05/20,3445.401709,10.19944,0,3413.762775,21.439494,10767.785,12.143,0,10693.756,61.886
01/06/20,3536.961463,12.948955,0,3501.341398,22.67111,10393.485,14.369,0,10312.055,67.061
01/07/20,3531.821212,12.064093,0,3494.819195,24.937924,10287.799,14.12,0,10199.873,73.806
01/08/20,3574.200618,11.979894,0,3545.422867,16.797857,10407.557,13.462,0,10345.881,48.214
01/09/20,3569.99554,12.414112,0,3541.703763,15.877665,10298.291,14.343,0,10242.654,41.294
01/10/20,3601.7004,12.290439,0,3570.287345,19.122616,10552.315,13.801,0,10493.063,45.451
01/11/20,3387.33597,12.066018,0,3353.390821,21.879131,9724.446,13.555,0,9657.459,53.432
01/12/20,3650.058948,24.490704,0,3597.810497,27.757747,10761.598,25.315,0,10660.16,76.123
01/01/21,3287.378224,17.271114,0,3254.089421,16.017689,9590.542,18.66,0,9533.981,37.901
01/02/21,3170.739804,15.423551,0,3143.683207,11.633046,9031.835,17.061,0,8984.128,30.646
01/03/21,4157.328144,18.609291,0,4122.903168,15.815685,11209.034,21.522,0,11148.195,39.317
01/04/21,4048.284239,15.637023,0,4016.634721,16.012495,10795.455,15.325,0,10740.31,39.82
01/05/21,4525.825642,21.436191,0,4477.713166,26.676285,12356.125,19.678,0,12269.321,67.126
01/06/21,4457.517202,28.542468,0,4395.488305,33.486429,11340.781,24.204,0,11232.659,83.918
01/07/21,4540.255252,19.553449,0,4492.644199,28.057604,11626.778,17.985,0,11544.245,64.548
01/08/21,4743.564412,17.616829,0,4706.727432,19.220151,12261.513,16.235,0,12198.502,46.776
01/09/21,4403.017431,13.778504,0,4371.597559,17.641368,11544.918,13.262,0,11493.206,38.45